obs,fc,x
2001,1.5,2.12334978154112
2002,0.7,0.980211264357211
2003,0.5,0.661215540278182
2004,1.8,2.29961994440979
2005,1.4,1.67901344097945
2006,2.7,3.22841000807101
2007,2.6,3.04925723221268
2008,0.8,0.429602591969802
2009,-3.9,-4.51450214903371
2010,1.7,2.08170727795658
2011,1.5,1.60563911349447
2012,-0.5,-0.886515684111788
2013,-0.4,-0.240252108706285
2014,0.8,1.33655831022332
2015,1.5,2.07098765432099
2016,1.7,1.8112545734934
2017,2.4,2.22750222750223
2018,2.4,2.09955452256438
